,avg_score,avg_accuracy_0,avg_accuracy_1
0,0.0030615978566440587,0.00030059379225867234,0.983636174005427
