,avg_score,avg_accuracy_0,avg_accuracy_1
0,0.6936195195697044,0.6927624957596934,0.9978571428571429
