,avg_score,avg_accuracy_0,avg_accuracy_1,avg_accuracy_2
0,0.9935714285714285,0.9970238095238095,0.9855769230769231,0.9967948717948718
